{
  "name" : "HATSODJFS",
  "displayName" : "HATSODJFS",
  "type" : "openldap",
  "version" : "1.0",
  "metaPreference" : -1,
  "config" : "{\"ad_configs\":[{\"user\":\"cn=hatsadmin,cn=UsersSspDev03,dc=ie,dc=ohio,dc=gov\",\"password\":\"F58r2bd$\",\"url\":\"ldap://10.158.72.35:7008\",\"domain\":\"dc=ie,dc=ohio,dc=gov\",\"userid\":\"uid\",\"name\":\"ODJFS\",\"loginattribute\":\"uid\",\"fullname\":\"cn\",\"firstname\":\"givenName\",\"lastname\":\"sn\",\"email\":\"mail\",\"profileurl\":\"profilePath\",\"displayname\":\"displayName\",\"objectClass\":\"inetOrgPerson\",\"customProfileAttributes\":{}}],\"config_version\":\"v2\"}",
  "policyConfig" : "{\"def_user_status\":\"pending\",\"max_login_fail\":5}",
  "admissionPolicy" : "no_approval_needed",
  "identityMeta" : {
    "allow_sso" : false
  },
  "ssoenabled" : false
}